{"cameraMode":{"drawMode":0,"name":"Shaded","section":"Shading Mode"},"sceneLighting":true,"audioPlay":false,"sceneViewState":{"m_AlwaysRefresh":false,"showFog":true,"showSkybox":true,"showFlares":true,"showImageEffects":true,"showParticleSystems":true,"showVisualEffectGraphs":true,"m_FxEnabled":true},"in2DMode":false,"pivot":{"x":50.202598571777347,"y":7.606474876403809,"z":4.045070648193359},"rotation":{"x":0.10212299227714539,"y":-0.0023730623070150615,"z":0.00011460313544375822,"w":0.9947139620780945},"size":28.841184616088868,"orthographic":false}